class,0,-1,1,avg
activities,5302.0,2984.0,4605.0,0.12574664494608642
subscribed,5388.0,2868.0,5003.0,0.1610227015612037
growth,4950.0,3124.0,4803.0,0.13038751261939893
interesting,7282.0,3139.0,6305.0,0.18928614133684085
