file name,-1,0,1,avg
toystory,202,484,431,0.20501342882721577
nosleep,282,997,590,0.1647940074906367
politics,340,595,601,0.169921875
DankLeft,248,483,500,0.20471161657189277
underlords,376,498,524,0.10586552217453506
photoshopbattles,113,685,732,0.4045751633986928
worldnews,311,542,435,0.09627329192546584
harrypotterwu,390,547,632,0.15423836838750796
Old_Recipes,249,805,706,0.2596590909090909
KimetsuNoYaiba,144,516,371,0.22017458777885549
AmItheAsshole,506,960,955,0.18546055349029328
BlackPeopleTwitter,233,524,346,0.10244786944696282
KidsAreFuckingStupid,276,464,349,0.06703397612488522
funny,178,478,314,0.1402061855670103
todayilearned,329,556,530,0.1420494699646643
euphoria,371,562,548,0.11951384199864956
BadMensAnatomy,275,496,356,0.07187222715173026
pics,255,520,367,0.09807355516637478
gaming,394,542,543,0.10074374577417174
movies,261,542,619,0.2517580872011252
iamanutterpieceofshit,362,473,311,-0.04450261780104712
nba,329,441,435,0.08796680497925312
MadeMeSmile,250,473,545,0.23264984227129337
Giraffesdontexist,173,479,239,0.07407407407407407
Music,283,572,587,0.21081830790568654
aww,126,479,435,0.2971153846153846
videos,374,576,500,0.08689655172413793
science,357,581,673,0.1961514587212911
crashteamracing,250,478,497,0.2016326530612245
all,140,241,228,0.1444991789819376
unpopularopinion,342,561,647,0.1967741935483871
DotaUnderlords,16,17,24,0.14035087719298245
CompetitiveTFT,451,451,608,0.10397350993377484
WizardsUnite,457,635,522,0.040272614622057
news,348,573,445,0.07101024890190337
memes,297,644,675,0.23391089108910892
